,words.png,numbsb,filez
94,jar.png,1,jar_1.png
140,pot.png,1,pot_1.png
175,suit.png,1,suit_1.png
187,tree.png,1,tree_1.png
34,chicken.png,10,chicken_10.png
99,knee.png,10,knee_10.png
169,square.png,10,square_10.png
182,teacher.png,10,teacher_10.png
87,hanging.png,11,hanging_11.png
114,mouth.png,11,mouth_11.png
146,rain.png,11,rain_11.png
171,stamp.png,11,stamp_11.png
36,chin.png,12,chin_12.png
119,night.png,12,night_12.png
149,rock.png,12,rock_12.png
195,tyre.png,12,tyre_12.png
92,hug.png,13,hug_13.png
122,painting.png,13,painting_13.png
172,stapler.png,13,stapler_13.png
191,trousers.png,13,trousers_13.png
40,city.png,14,city_14.png
90,heart.png,14,heart_14.png
144,prymaid.png,14,prymaid_14.png
199,watch.png,14,watch_14.png
6,bald.png,15,bald_15.png
134,plant.png,15,plant_15.png
178,sword.png,15,sword_15.png
188,triangle.png,15,triangle_15.png
8,basket.png,16,basket_16.png
37,choir.png,16,choir_16.png
158,shield.png,16,shield_16.png
164,snow.png,16,snow_16.png
3,anchor.png,17,anchor_17.png
25,candle.png,17,candle_17.png
142,pregnant.png,17,pregnant_17.png
150,roots.png,17,roots_17.png
66,fence.png,18,fence_18.png
98,kiwi.png,18,kiwi_18.png
125,park.png,18,park_18.png
159,shirt.png,18,shirt_18.png
67,fingerprint.png,19,fingerprint_19.png
84,hair.png,19,hair_19.png
106,logs.png,19,logs_19.png
167,spaceship.png,19,spaceship_19.png
29,carpark.png,2,carpark_2.png
135,plate.png,2,plate_2.png
155,scarf.png,2,scarf_2.png
202,window.png,2,window_2.png
13,biscuit.png,20,biscuit_20.png
52,dancer.png,20,dancer_20.png
101,letter.png,20,letter_20.png
157,shark.png,20,shark_20.png
32,chalk.png,21,chalk_21.png
139,postman.png,21,postman_21.png
153,sausage.png,21,sausage_21.png
203,wrinkles.png,21,wrinkles_21.png
18,bow.png,22,bow_22.png
80,gun.png,22,gun_22.png
102,lightening.png,22,lightening_22.png
152,salt.png,22,salt_22.png
16,book.png,23,book_23.png
91,hose.png,23,hose_23.png
97,king.png,23,king_23.png
177,swimming.png,23,swimming_23.png
12,bedroom.png,24,bedroom_24.png
88,harbour.png,24,harbour_24.png
96,key.png,24,key_24.png
201,wig.png,24,wig_24.png
9,bathroom.png,25,bathroom_25.png
35,child.png,25,child_25.png
130,photo.png,25,photo_25.png
200,well.png,25,well_25.png
14,bomb.png,26,bomb_26.png
23,cake.png,26,cake_26.png
143,printer.png,26,printer_26.png
154,saxaphone.png,26,saxaphone_26.png
76,ghost.png,27,ghost_27.png
86,hammer.png,27,hammer_27.png
156,seagull.png,27,seagull_27.png
197,wallet.png,27,wallet_27.png
48,corn.png,28,corn_28.png
60,drum.png,28,drum_28.png
126,pawn.png,28,pawn_28.png
162,snake.png,28,snake_28.png
17,bottle.png,29,bottle_29.png
44,coffee.png,29,coffee_29.png
105,llama.png,29,llama_29.png
138,pooltable.png,29,pooltable_29.png
7,ball.png,3,ball_3.png
64,eye.png,3,eye_3.png
128,peas.png,3,peas_3.png
196,volcano.png,3,volcano_3.png
27,car.png,30,car_30.png
116,mushroom.png,30,mushroom_30.png
118,net.png,30,net_30.png
179,tail.png,30,tail_30.png
24,camera.png,31,camera_31.png
112,money.png,31,money_31.png
131,piano.png,31,piano_31.png
145,radio.png,31,radio_31.png
51,crab.png,32,crab_32.png
89,harp.png,32,harp_32.png
93,iron.png,32,iron_32.png
186,tram.png,32,tram_32.png
38,church.png,33,church_33.png
72,fridge.png,33,fridge_33.png
148,robot.png,33,robot_33.png
163,snake.png,33,snake_33.png
19,boxer.png,34,boxer_34.png
45,coffin.png,34,coffin_34.png
58,drawer.png,34,drawer_34.png
104,lion.png,34,lion_34.png
54,desert.png,35,desert_35.png
75,funnel.png,35,funnel_35.png
136,pocket.png,35,pocket_35.png
180,tattoo.png,35,tattoo_35.png
1,aburgine.png,36,aburgine_36.png
39,cigarette.png,36,cigarette_36.png
53,dart.png,36,dart_36.png
124,parachute.png,36,parachute_36.png
43,clover.png,37,clover_37.png
117,nails.png,37,nails_37.png
123,paper.png,37,paper_37.png
185,thread.png,37,thread_37.png
21,broom.png,38,broom_38.png
77,glove.png,38,glove_38.png
173,statue.png,38,statue_38.png
193,turkey.png,38,turkey_38.png
10,beach.png,39,beach_39.png
31,cat.png,39,cat_39.png
63,egg.png,39,egg_39.png
115,mug.png,39,mug_39.png
30,castle.png,4,castle_4.png
68,flower.png,4,flower_4.png
111,mime.png,4,mime_4.png
183,teapot.png,4,teapot_4.png
20,briefcase.png,41,briefcase_41.png
79,graveyard.png,41,graveyard_41.png
184,telescope.png,41,telescope_41.png
198,warehouse.png,41,warehouse_41.png
2,accordian.png,42,accordian_42.png
103,lighthouse.png,42,lighthouse_42.png
168,spot.png,42,spot_42.png
194,tv.png,42,tv_42.png
4,arm.png,43,arm_43.png
28,cards.png,43,cards_43.png
113,money.png,43,money_43.png
161,sink.png,43,sink_43.png
22,bus.png,44,bus_44.png
69,fly.png,44,fly_44.png
83,gym.png,44,gym_44.png
204,zip.png,44,zip_44.png
109,map.png,45,map_45.png
120,nut.png,45,nut_45.png
121,oil.png,45,oil_45.png
176,sun.png,45,sun_45.png
26,cape.png,46,cape_46.png
73,frog.png,46,frog_46.png
127,pear.png,46,pear_46.png
151,rope.png,46,rope_46.png
70,foot.png,47,foot_47.png
78,gold.png,47,gold_47.png
174,stump.png,47,stump_47.png
181,taxi.png,47,taxi_47.png
41,claw.png,48,claw_48.png
129,pencil.png,48,pencil_48.png
160,shower.png,48,shower_48.png
190,trophy.png,48,trophy_48.png
49,corridor.png,49,corridor_49.png
57,dolphin.png,49,dolphin_49.png
85,hamburger.png,49,hamburger_49.png
189,trigger.png,49,trigger_49.png
11,beak.png,5,beak_5.png
42,cloud.png,5,cloud_5.png
56,doctor.png,5,doctor_5.png
170,stairs.png,5,stairs_5.png
46,cone.png,50,cone_50.png
81,gun.png,50,gun_50.png
108,man.png,50,man_50.png
141,pot.png,50,pot_50.png
62,easel.png,51,easel_51.png
107,lung.png,51,lung_51.png
110,maze.png,51,maze_51.png
147,road.png,51,road_51.png
15,bone.png,52,bone_52.png
47,cork.png,52,cork_52.png
65,farm.png,52,farm_52.png
166,soup.png,52,soup_52.png
33,chest.png,6,chest_6.png
74,fruit.png,6,fruit_6.png
82,gwoc.png,6,gwoc_6.png
133,planet.png,6,planet_6.png
5,artist.png,7,artist_7.png
50,court.png,7,court_7.png
61,earring.png,7,earring_7.png
137,police.png,7,police_7.png
59,dress.png,8,dress_8.png
71,forest.png,8,forest_8.png
95,jellyfish.png,8,jellyfish_8.png
192,truck.png,8,truck_8.png
55,dinosaur.png,9,dinosaur_9.png
100,lamp.png,9,lamp_9.png
132,pistachio.png,9,pistachio_9.png
165,sock.png,9,sock_9.png
